split,sample_index,actual_mpa,predicted_mpa,abs_error_mpa,abs_pct_error
train,0,37.9000,35.3417,2.5583,6.7502
train,1,36.5000,34.3909,2.1091,5.7785
train,2,22.4000,22.0963,0.3037,1.3560
train,3,29.5000,30.7448,1.2448,4.2197
train,4,32.1200,29.3097,2.8103,8.7494
train,5,25.1000,23.0764,2.0236,8.0623
train,6,26.6000,45.6565,19.0565,71.6411
train,7,43.2000,44.2236,1.0236,2.3694
train,8,60.0000,61.7093,1.7093,2.8488
train,9,21.4600,18.5536,2.9064,13.5435
train,10,44.7000,42.4920,2.2080,4.9397
train,11,24.0800,21.5079,2.5721,10.6813
train,12,37.3400,37.5673,0.2273,0.6088
train,13,46.5400,48.4258,1.8858,4.0520
train,14,56.0000,42.0445,13.9555,24.9205
train,15,44.3400,47.1729,2.8329,6.3891
train,16,29.4000,26.8064,2.5936,8.8219
train,17,42.0000,39.5068,2.4932,5.9362
train,18,30.4600,33.7508,3.2908,10.8037
train,19,24.1500,25.9539,1.8039,7.4697
train,20,47.5600,47.4845,0.0755,0.1588
train,21,12.0700,10.5003,1.5697,13.0053
train,22,19.6600,21.3503,1.6903,8.5978
train,23,42.5600,42.0721,0.4879,1.1463
train,24,45.7800,47.8127,2.0327,4.4401
train,25,21.6300,22.7153,1.0853,5.0174
train,26,22.9000,26.0634,3.1634,13.8138
train,27,25.0000,27.6002,2.6002,10.4008
train,28,35.1600,36.3287,1.1687,3.3241
train,29,33.4000,29.8146,3.5854,10.7346
train,30,27.6900,25.3705,2.3195,8.3767
train,31,51.5000,48.9848,2.5152,4.8838
train,32,40.5000,41.6697,1.1697,2.8882
train,33,25.0000,22.8938,2.1062,8.4250
train,34,42.7500,40.4354,2.3146,5.4142
train,35,27.5500,27.2948,0.2552,0.9263
train,36,14.1900,16.5965,2.4065,16.9589
train,37,29.8100,32.6788,2.8688,9.6236
train,38,35.3400,32.3941,2.9459,8.3358
train,39,31.4000,28.8706,2.5294,8.0555
train,40,20.9300,19.1171,1.8129,8.6616
train,41,34.2000,30.7748,3.4252,10.0151
train,42,29.6000,30.5040,0.9040,3.0540
train,43,65.3000,63.0801,2.2199,3.3996
train,44,44.4700,42.8205,1.6495,3.7093
train,45,25.3000,24.2155,1.0845,4.2866
train,46,59.4000,57.1785,2.2215,3.7399
train,47,54.6700,52.3816,2.2884,4.1859
train,48,27.5700,30.0358,2.4658,8.9439
train,49,45.8100,44.0151,1.7949,3.9181
train,50,46.5600,44.3602,2.1998,4.7246
train,51,18.0400,24.2812,6.2412,34.5967
train,52,53.4500,52.9985,0.4515,0.8447
train,53,30.8400,28.8023,2.0377,6.6074
train,54,26.3900,28.4236,2.0336,7.7061
train,55,47.6000,48.9757,1.3757,2.8901
train,56,33.5100,33.8056,0.2956,0.8820
train,57,15.1200,13.0477,2.0723,13.7056
train,58,20.8000,18.0266,2.7734,13.3336
train,59,25.3000,28.0665,2.7665,10.9349
train,60,24.7200,23.9274,0.7926,3.2064
train,61,28.1300,30.8299,2.6999,9.5979
train,62,24.1400,26.9542,2.8142,11.6578
train,63,30.6400,31.5976,0.9576,3.1252
train,64,24.0000,24.5240,0.5240,2.1832
train,65,13.8900,11.5416,2.3484,16.9075
train,66,38.5000,40.8900,2.3900,6.2078
train,67,19.0500,16.3800,2.6700,14.0160
train,68,11.0700,13.5243,2.4543,22.1709
train,69,47.9000,45.5091,2.3909,4.9914
train,70,36.9000,26.6408,10.2592,27.8028
train,71,36.7800,33.6873,3.0927,8.4086
train,72,28.8000,31.0483,2.2483,7.8065
train,73,27.5000,29.2555,1.7555,6.3835
train,74,22.1500,23.9799,1.8299,8.2612
train,75,22.7200,25.2932,2.5732,11.3258
train,76,21.8000,23.9616,2.1616,9.9154
train,77,46.2000,43.8573,2.3427,5.0708
train,78,22.2000,24.8866,2.6866,12.1020
train,79,40.2300,37.5869,2.6431,6.5700
train,80,10.2500,13.0058,2.7558,26.8855
train,81,40.0000,38.3759,1.6241,4.0603
train,82,40.3100,43.0452,2.7352,6.7854
train,83,19.1700,20.0990,0.9290,4.8461
train,84,9.6300,7.9620,1.6680,17.3212
train,85,16.5900,18.2219,1.6319,9.8366
train,86,24.3600,26.5646,2.2046,9.0502
train,87,32.0900,33.1506,1.0606,3.3051
train,88,53.2000,50.8314,2.3686,4.4523
train,89,33.6800,36.2970,2.6170,7.7701
train,90,28.0000,28.6279,0.6279,2.2426
train,91,47.0000,44.4683,2.5317,5.3866
train,92,26.2300,28.8859,2.6559,10.1255
train,93,41.8000,45.5850,3.7850,9.0551
train,94,28.0000,30.1515,2.1515,7.6838
train,95,19.1400,21.5585,2.4185,12.6357
train,96,63.7000,61.3459,2.3541,3.6956
train,97,48.1000,45.6565,2.4435,5.0799
train,98,23.4000,23.6405,0.2405,1.0280
train,99,43.2100,45.2955,2.0855,4.8264
train,100,49.4400,47.2855,2.1545,4.3578
train,101,53.8000,57.1634,3.3634,6.2517
train,102,22.6700,25.1849,2.5149,11.0934
train,103,13.5700,11.8107,1.7593,12.9646
train,104,20.8000,17.8366,2.9634,14.2469
train,105,24.8300,23.8538,0.9762,3.9315
train,106,31.6100,34.8561,3.2461,10.2693
train,107,38.3800,38.4734,0.0934,0.2432
train,108,27.5000,25.4004,2.0996,7.6350
train,109,19.5700,20.3850,0.8150,4.1646
train,110,26.2000,29.8667,3.6667,13.9950
train,111,40.6900,39.4063,1.2837,3.1549
val,0,24.8900,27.2900,2.4000,9.6426
val,1,40.3200,46.4681,6.1481,15.2482
val,2,12.8200,13.8596,1.0396,8.1092
val,3,48.1400,45.8121,2.3279,4.8356
val,4,24.6500,22.0189,2.6311,10.6739
val,5,24.5000,22.8283,1.6717,6.8232
val,6,64.0000,53.6042,10.3958,16.2434
val,7,7.1700,1.6277,5.5423,77.2982
val,8,19.4500,22.1518,2.7018,13.8910
val,9,18.3500,19.5241,1.1741,6.3981
val,10,13.6400,13.9436,0.3036,2.2255
val,11,29.3700,26.6037,2.7663,9.4189
val,12,34.7200,39.9086,5.1886,14.9440
val,13,19.5000,23.2296,3.7296,19.1261
val,14,30.6300,29.4235,1.2065,3.9388
val,15,18.8600,17.9283,0.9317,4.9398
val,16,17.4300,16.7941,0.6359,3.6485
val,17,16.2200,15.5713,0.6487,3.9995
val,18,35.5400,31.9677,3.5723,10.0514
val,19,27.1000,35.3864,8.2864,30.5773
val,20,7.1700,10.0315,2.8615,39.9090
val,21,31.8300,31.2000,0.6300,1.9794
val,22,15.6000,44.4683,28.8683,185.0531
val,23,43.8900,38.0666,5.8234,13.2681
test,0,22.0000,18.5351,3.4649,15.7493
test,1,19.7500,25.6608,5.9108,29.9283
test,2,34.6700,33.1314,1.5386,4.4379
test,3,15.3200,12.7707,2.5493,16.6401
test,4,27.8100,24.0808,3.7292,13.4096
test,5,51.2000,48.9757,2.2243,4.3443
test,6,48.0000,41.4300,6.5700,13.6875
test,7,16.4100,13.8604,2.5496,15.5370
test,8,26.7440,27.0925,0.3485,1.3032
test,9,34.8500,38.5931,3.7431,10.7406
test,10,49.0000,46.1296,2.8704,5.8579
test,11,31.4000,35.4077,4.0077,12.7634
test,12,41.8000,34.6600,7.1400,17.0814
test,13,8.7100,10.3177,1.6077,18.4580
test,14,42.1000,31.5588,10.5412,25.0385
test,15,33.5000,30.9515,2.5485,7.6075
test,16,24.8300,32.8279,7.9979,32.2108
test,17,21.0000,31.5348,10.5348,50.1655
test,18,52.5800,46.0984,6.4816,12.3272
test,19,27.4000,28.1687,0.7687,2.8056
test,20,32.4200,30.5171,1.9029,5.8696
test,21,31.7500,24.7660,6.9840,21.9968
test,22,19.1000,22.0390,2.9390,15.3877
test,23,21.0200,17.8148,3.2052,15.2485
