270,925.3,1017.2,168,0,0,0,0,115.71,3,13.71
270,832.8,1017.5,166.3,98.36,0,0,0,115.71,3,14.63
270,740.2,1017.5,164.7,196.82,0,0,0,115.71,3,15.71
270,605.5,1017.5,163.12,295.27,0,0,0,115.71,3,17.32
270,555.26,1017.5,161.5,393.7,0,0,0,115.71,3,15.2
270,461.7,1017.5,160.4,492.3,0,0,0,115.71,3,14.46
270,925.3,1017.2,168,0,0,0,0,115.71,7,20.57
270,832.8,1017.5,166.3,98.36,0,0,0,115.71,7,21.51
270,740.2,1017.5,164.7,196.82,0,0,0,115.71,7,22.7
270,605.5,1017.5,163.12,295.27,0,0,0,115.71,7,25.28
270,555.26,1017.5,161.5,393.7,0,0,0,115.71,7,22.79
270,461.7,1017.5,160.4,492.3,0,0,0,115.71,7,21.47
270,925.3,1017.2,168,0,0,0,0,115.71,28,42.86
270,832.8,1017.5,166.3,98.36,0,0,0,115.71,28,43.02
270,740.2,1017.5,164.7,196.82,0,0,0,115.71,28,43.65
270,605.5,1017.5,163.12,295.27,0,0,0,115.71,28,46.82
270,555.26,1017.5,161.5,393.7,0,0,0,115.71,28,44.68
270,461.7,1017.5,160.4,492.3,0,0,0,115.71,28,43.83
400,848,741,160,0,0,0,0,0,7,19.87
400,848,741,160,40,0,0,0,0,7,17.95
400,848,741,160,80,0,0,0,0,7,18.67
400,848,741,160,120,0,0,0,0,7,16.93
400,848,741,160,40,0,0,0,0,7,18.24
400,848,741,160,80,0,0,0,0,7,19.19
400,848,741,160,40,0,0,0,0,7,15.72
400,848,741,160,80,0,0,0,0,7,15.58
400,848,741,160,120,0,0,0,0,7,15.25
400,848,741,160,0,0,0,0,0,14,20.52
400,848,741,160,40,0,0,0,0,14,19.42
400,848,741,160,80,0,0,0,0,14,20.71
400,848,741,160,120,0,0,0,0,14,17.13
400,848,741,160,40,0,0,0,0,14,19.46
400,848,741,160,80,0,0,0,0,14,20.22
400,848,741,160,40,0,0,0,0,14,16.44
400,848,741,160,80,0,0,0,0,14,16.01
400,848,741,160,120,0,0,0,0,14,16.72
400,848,741,160,0,0,0,0,0,28,24.78
400,848,741,160,40,0,0,0,0,28,24.98
400,848,741,160,80,0,0,0,0,28,24.93
400,848,741,160,120,0,0,0,0,28,23.02
400,848,741,160,40,0,0,0,0,28,24.57
400,848,741,160,80,0,0,0,0,28,24.95
400,848,741,160,120,0,0,0,0,28,21.02
400,848,741,160,40,0,0,0,0,28,20.49
400,848,741,160,80,0,0,0,0,28,19.51
400,848,741,160,120,0,0,0,0,28,20.88
400,848,741,160,0,0,0,0,0,56,25.86
400,848,741,160,40,0,0,0,0,56,26.38
400,848,741,160,80,0,0,0,0,56,29.8
400,848,741,160,120,0,0,0,0,56,23.75
400,848,741,160,40,0,0,0,0,56,25.02
400,848,741,160,80,0,0,0,0,56,26.12
400,848,741,160,120,0,0,0,0,56,27.75
400,848,741,160,40,0,0,0,0,56,22.11
400,848,741,160,80,0,0,0,0,56,21.48
400,848,741,160,120,0,0,0,0,56,21.88
400,848,741,160,0,0,0,0,0,70,30.63
400,848,741,160,40,0,0,0,0,70,30.83
400,848,741,160,80,0,0,0,0,70,31.14
400,848,741,160,120,0,0,0,0,70,24.48
400,848,741,160,40,0,0,0,0,70,26.53
400,848,741,160,80,0,0,0,0,70,36.78
400,848,741,160,40,0,0,0,0,70,23.62
400,848,741,160,80,0,0,0,0,70,22.49
400,848,741,160,120,0,0,0,0,70,23.72
468,918.7,878.86,168.48,0,0,0,0,0,28,39.54
390.8,831.1,805.3,191,0,0,0,0,139,28,38.63
390.8,754.9,792.3,191,91.87,0,0,0,139,28,40.26
390.8,671.6,790.1,191,183.74,0,0,0,139,28,41.38
390.8,591.9,792.3,191,275.61,0,0,0,139,28,41.73
390.8,509.8,791.3,191,367.48,0,0,0,139,28,41
390.8,428.9,792.3,191,459.35,0,0,0,139,28,41.45
390.8,265.9,792.3,191,643.09,0,0,0,139,28,40.43
390.8,0,792.3,191,918.7,0,0,0,139,28,37.9
270,832.8,1017.2,166.3,98.36,0,0,0,115.71,3,14.63
270,740.2,1017.2,164.7,196.82,0,0,0,115.71,3,15.71
270,605.5,1017.2,163.12,295.27,0,0,0,115.71,3,17.32
270,555.26,1017.2,161.5,393.7,0,0,0,115.71,3,15.2
270,461.7,1017.2,160.4,492.3,0,0,0,115.71,3,14.46
270,832.8,1017.2,166.3,98.36,0,0,0,115.71,7,21.51
270,740.2,1017.2,164.7,196.82,0,0,0,115.71,7,22.7
270,605.5,1017.2,163.12,295.27,0,0,0,115.71,7,25.28
270,555.26,1017.2,161.5,393.7,0,0,0,115.71,7,22.79
270,461.7,1017.2,160.4,492.3,0,0,0,115.71,7,21.47
270,832.8,1017.2,166.3,98.36,0,0,0,115.71,28,43.02
270,740.2,1017.2,164.7,196.82,0,0,0,115.71,28,43.65
270,605.5,1017.2,163.12,295.27,0,0,0,115.71,28,46.82
270,555.26,1017.2,161.5,393.7,0,0,0,115.71,28,44.68
270,461.7,1017.2,160.4,492.3,0,0,0,115.71,28,43.83
500,868.92,802.08,200,0,0,0,0,0,7,26.5
450,434.46,802.08,200,434.46,0,0,0,50,7,30.07
400,434.46,802.08,200,434.46,0,0,0,100,7,27.04
350,434.46,802.08,180,434.46,0,0,0,150,7,23.28
300,434.46,802.08,180,434.46,0,0,0,200,7,19.63
500,868.92,802.08,200,0,0,0,0,0,28,38.93
450,434.46,802.08,200,434.46,0,0,0,50,28,43.12
400,434.46,802.08,200,434.46,0,0,0,100,28,39.59
350,434.46,802.08,180,434.46,0,0,0,150,28,35.94
300,434.46,802.08,180,434.46,0,0,0,200,28,31.86
420,850,920,213,0,0,0,0,0,7,27.03
420,850,920,213,0,0,0,0,0,7,27.96
420,765,920,213,85,0,0,0,0,7,23.27
420,680,920,213,170,0,0,0,0,7,24.89
420,595,920,213,255,0,0,0,0,7,28.75
420,510,920,213,340,0,0,0,0,7,27.64
420,850,920,213,0,0,0,0,0,28,36.15
420,850,920,213,0,0,0,0,0,28,26.39
420,765,920,213,85,0,0,0,0,28,33.73
420,680,920,213,170,0,0,0,0,28,35.34
420,595,920,213,255,0,0,0,0,28,37.46
420,510,920,213,340,0,0,0,0,28,36.27
680,850.3,803.17,249.86,0,0,0,0,289.26,3,17
680,765.27,803.17,249.86,0,0,0,85.03,289.26,3,18
680,680.24,803.17,249.86,0,0,0,170.06,289.26,3,21
680,595.21,803.17,249.86,0,0,0,255.09,289.26,3,25
680,510.19,803.17,249.86,0,0,0,34.012,289.26,3,28
680,425.15,803.17,249.86,0,0,0,425.15,289.26,3,23.5
680,850.3,803.17,249.86,0,0,0,0,289.26,7,19.1
680,765.27,803.17,249.86,0,0,0,85.03,289.26,7,20
680,680.24,803.17,249.86,0,0,0,170.06,289.26,7,23
680,595.21,803.17,249.86,0,0,0,255.09,289.26,7,28
680,510.19,803.17,249.86,0,0,0,34.012,289.26,7,34
680,425.15,803.17,249.86,0,0,0,425.15,289.26,7,30
680,850.3,803.17,249.86,0,0,0,0,289.26,28,61
680,765.27,803.17,249.86,0,0,0,85.03,289.26,28,62
680,680.24,803.17,249.86,0,0,0,170.06,289.26,28,64
680,595.21,803.17,249.86,0,0,0,255.09,289.26,28,68
680,510.19,803.17,249.86,0,0,0,34.012,289.26,28,72
680,425.15,803.17,249.86,0,0,0,425.15,289.26,28,60
546.79,845.26,796.54,202.31,0,0,0,0,0,7,38.6
546.79,676.21,796.54,202.31,0,0,169.05,0,0,7,40.69
546.79,507.16,796.54,202.31,0,0,338.1,0,0,7,36.38
546.79,338.1,796.54,202.31,0,0,507.16,0,0,7,31.8
546.79,169.05,796.54,202.31,0,0,676.21,0,0,7,24.75
437.43,845.26,796.54,202.31,0,0,0,0,109.36,7,30.37
437.43,676.21,796.54,202.31,0,0,169.05,0,109.36,7,32.2
437.43,507.16,796.54,202.31,0,0,338.1,0,109.36,7,30.17
437.43,338.1,796.54,202.31,0,0,507.16,0,109.36,7,24.49
437.43,169.05,796.54,202.31,0,0,676.21,0,109.36,7,19.72
382.75,845.26,796.54,202.31,0,0,0,0,164.04,7,23.84
382.75,676.21,796.54,202.31,0,0,169.05,0,164.04,7,25.54
382.75,507.16,796.54,202.31,0,0,338.1,0,164.04,7,23.9
382.75,338.1,796.54,202.31,0,0,507.16,0,164.04,7,20.51
382.75,169.05,796.54,202.31,0,0,676.21,0,164.04,7,13.91
546.79,845.26,796.54,202.31,0,0,0,0,0,28,52.22
546.79,676.21,796.54,202.31,0,0,169.05,0,0,28,55.59
546.79,507.16,796.54,202.31,0,0,338.1,0,0,28,51.72
546.79,338.1,796.54,202.31,0,0,507.16,0,0,28,47.66
546.79,169.05,796.54,202.31,0,0,676.21,0,0,28,37.04
437.43,845.26,796.54,202.31,0,0,0,0,109.36,28,49.23
437.43,676.21,796.54,202.31,0,0,169.05,0,109.36,28,52.01
437.43,507.16,796.54,202.31,0,0,338.1,0,109.36,28,48.87
437.43,338.1,796.54,202.31,0,0,507.16,0,109.36,28,42.38
437.43,169.05,796.54,202.31,0,0,676.21,0,109.36,28,33.83
382.75,845.26,796.54,202.31,0,0,0,0,164.04,28,47.16
382.75,676.21,796.54,202.31,0,0,169.05,0,164.04,28,51.01
382.75,507.16,796.54,202.31,0,0,338.1,0,164.04,28,47.02
382.75,338.1,796.54,202.31,0,0,507.16,0,164.04,28,36.82
382.75,169.05,796.54,202.31,0,0,676.21,0,164.04,28,30.12
546.79,845.26,796.54,202.31,0,0,0,0,0,56,55.67
546.79,676.21,796.54,202.31,0,0,169.05,0,0,56,59.56
546.79,507.16,796.54,202.31,0,0,338.1,0,0,56,56.11
546.79,338.1,796.54,202.31,0,0,507.16,0,0,56,52.34
546.79,169.05,796.54,202.31,0,0,676.21,0,0,56,43.82
437.43,845.26,796.54,202.31,0,0,0,0,109.36,56,53.95
437.43,676.21,796.54,202.31,0,0,169.05,0,109.36,56,58.02
437.43,507.16,796.54,202.31,0,0,338.1,0,109.36,56,54.19
437.43,338.1,796.54,202.31,0,0,507.16,0,109.36,56,49.93
437.43,169.05,796.54,202.31,0,0,676.21,0,109.36,56,41.79
382.75,845.26,796.54,202.31,0,0,0,0,164.04,56,51.91
382.75,676.21,796.54,202.31,0,0,169.05,0,164.04,56,55.67
382.75,507.16,796.54,202.31,0,0,338.1,0,164.04,56,51.79
382.75,338.1,796.54,202.31,0,0,507.16,0,164.04,56,47.16
382.75,169.05,796.54,202.31,0,0,676.21,0,164.04,56,39.19
455.2,863.24,739.92,168.68,0,0,0,0,136.56,7,70.996
455.2,776.91,739.92,168.68,0,0,0,0,136.56,7,71.315
455.2,690.59,739.92,168.68,0,0,0,0,136.56,7,74.024
455.2,604.26,739.92,168.68,0,0,0,0,136.56,7,77.689
455.2,517.94,739.92,168.68,0,0,0,0,136.56,7,67.331
455.2,863.24,739.92,168.68,0,0,0,0,136.56,28,73.227
455.2,776.91,739.92,168.68,0,0,0,0,136.56,28,72.271
455.2,690.59,739.92,168.68,0,0,0,0,136.56,28,81.514
455.2,604.26,739.92,168.68,0,0,0,0,136.56,28,89.323
455.2,517.94,739.92,168.68,0,0,0,0,136.56,28,74.98
455.2,863.24,739.92,168.68,0,0,0,0,136.56,90,80.876
455.2,776.91,739.92,168.68,0,0,0,0,136.56,90,80.876
455.2,690.59,739.92,168.68,0,0,0,0,136.56,90,83.745
455.2,604.26,739.92,168.68,0,0,0,0,136.56,90,93.944
455.2,517.94,739.92,168.68,0,0,0,0,136.56,90,80.08
500,738,847,193,0,0,0,0,140,7,47.99
500,553,847,193,0,185,0,0,140,7,45.5
500,369,847,193,0,369,0,0,140,7,39.41
500,0,847,193,0,738,0,0,140,7,32.77
500,738,847,193,0,0,0,0,140,28,65.34
500,553,847,193,0,185,0,0,140,28,62.23
500,369,847,193,0,369,0,0,140,28,53.98
500,0,847,193,0,738,0,0,140,28,45.74
500,738,847,193,0,0,0,0,140,56,86.54
500,553,847,193,0,185,0,0,140,56,67.7
500,369,847,193,0,369,0,0,140,56,65.65
500,0,847,193,0,738,0,0,140,56,52.04
371.42,946.5,751.91,195,0,0,0,0,92.856,7,27.84
371.42,851.85,751.91,195,0,94.65,0,0,92.856,7,29.77
371.42,757.2,751.91,195,0,189.3,0,0,92.856,7,33.01
371.42,662.55,751.91,195,0,283.95,0,0,92.856,7,28.3
371.42,946.5,751.91,195,0,0,0,0,92.856,14,37.85
371.42,851.85,751.91,195,0,94.65,0,0,92.856,14,41.49
371.42,757.2,751.91,195,0,189.3,0,0,92.856,14,41.76
371.42,662.55,751.91,195,0,283.95,0,0,92.856,14,35.69
371.42,946.5,751.91,195,0,0,0,0,92.856,28,43.5
371.42,851.85,751.91,195,0,94.65,0,0,92.856,28,45.1
371.42,757.2,751.91,195,0,189.3,0,0,92.856,28,47.15
371.42,662.55,751.91,195,0,283.95,0,0,92.856,28,41.02
510.88,0,1158.87,214.01,0,0,0,0,0,7,28.12
510.88,0,1158.87,205.53,0,0,0,497,0,7,29.1
510.88,0,1158.87,197.04,0,99.4,0,397,0,7,30.15
510.88,0,1158.87,188.65,0,198.8,0,298.2,0,7,30.76
510.88,0,1158.87,180.08,0,298.2,0,198.8,0,7,29.75
510.88,0,1158.87,185.4,0,397.6,0,397.6,0,7,28.14
510.88,0,1158.87,185.4,0,497,0,0,0,7,28.35
510.88,0,1158.87,217.45,0,0,0,0,0,7,26.1
510.88,0,1158.87,208.1,0,0,0,497,0,7,27.25
510.88,0,1158.87,199.18,0,99.4,0,397,0,7,27.85
510.88,0,1158.87,190.26,0,198.8,0,298.2,0,7,29.15
510.88,0,1158.87,181.35,0,298.2,0,198.8,0,7,26.85
510.88,0,1158.87,181.35,0,397.6,0,397.6,0,7,25.42
510.88,0,1158.87,181.35,0,497,0,0,0,7,25.2
510.88,0,1158.87,304.43,0,0,0,0,0,7,32.52
510.88,0,1158.87,291.34,0,0,0,497,0,7,34.1
510.88,0,1158.87,278.85,0,99.4,0,397,0,7,28.93
510.88,0,1158.87,266.37,0,198.8,0,298.2,0,7,30.15
510.88,0,1158.87,253.88,0,298.2,0,198.8,0,7,31.75
510.88,0,1158.87,252.11,0,397.6,0,397.6,0,7,31.1
510.88,0,1158.87,252.11,0,497,0,0,0,7,28.12
510.88,0,1158.87,214.01,0,0,0,0,0,28,43.1
510.88,0,1158.87,205.53,0,0,0,497,0,28,43.82
510.88,0,1158.87,197.04,0,99.4,0,397,0,28,45.11
510.88,0,1158.87,188.65,0,198.8,0,298.2,0,28,45.95
510.88,0,1158.87,180.08,0,298.2,0,198.8,0,28,44.3
510.88,0,1158.87,185.4,0,397.6,0,397.6,0,28,43.75
510.88,0,1158.87,185.4,0,497,0,0,0,28,43.86
510.88,0,1158.87,217.45,0,0,0,0,0,28,41.76
510.88,0,1158.87,208.1,0,0,0,497,0,28,42.55
510.88,0,1158.87,199.18,0,99.4,0,397,0,28,43.12
510.88,0,1158.87,190.26,0,198.8,0,298.2,0,28,44.2
510.88,0,1158.87,181.35,0,298.2,0,198.8,0,28,43.1
510.88,0,1158.87,181.35,0,397.6,0,397.6,0,28,43.83
510.88,0,1158.87,181.35,0,497,0,0,0,28,42.12
510.88,0,1158.87,304.43,0,0,0,0,0,28,45.78
510.88,0,1158.87,291.34,0,0,0,497,0,28,49.21
510.88,0,1158.87,278.85,0,99.4,0,397,0,28,44.85
510.88,0,1158.87,266.37,0,198.8,0,298.2,0,28,47.21
510.88,0,1158.87,253.88,0,298.2,0,198.8,0,28,48.1
510.88,0,1158.87,252.11,0,397.6,0,397.6,0,28,46.21
510.88,0,1158.87,252.11,0,497,0,0,0,28,43.82
327,654,981,179.85,0,0,0,0,0,28,28.69
327,572,981,179.85,0,82,0,0,0,28,36.13
327,490,981,179.85,0,164,0,0,0,28,27.82
327,327,981,179.85,0,327,0,0,0,28,27.3
327,572,981,179.85,82,0,0,0,0,28,33.78
327,490,981,179.85,164,0,0,0,0,28,26.55
327,327,981,179.85,327,0,0,0,0,28,26.88
327,490,981,179.85,82,82,0,0,0,28,30.24
327,327,981,179.85,163.5,163.5,0,0,0,28,27.74
430,960,720,243.8,0,0,0,0,0,7,17.4
408.5,864,720,243.8,0,0,0,96,0,7,18.2
408.5,768,720,243.8,0,0,0,192,0,7,16.54
387,864,720,243.8,0,0,0,96,0,7,19.14
387,768,720,243.8,0,0,0,192,0,7,17.67
365.5,864,720,243.8,0,0,0,96,0,7,18.1
365.5,768,720,243.8,0,0,0,192,0,7,15.48
430,960,720,243.8,0,0,0,0,0,28,26.34
408.5,864,720,243.8,0,0,0,96,0,28,29.15
408.5,768,720,243.8,0,0,0,192,0,28,26.96
387,864,720,243.8,0,0,0,96,0,28,30.17
387,768,720,243.8,0,0,0,192,0,28,27.78
365.5,864,720,243.8,0,0,0,96,0,28,27.41
365.5,768,720,243.8,0,0,0,192,0,28,24.33
